review,sentiment,reasoning,ground_truth,satisfaction_score,message,recommended_trip_1,recommended_trip_2,recommended_trip_3
"I went to Athens for five days. I loved the history and would definitely recommend it to a friend. The best part was the guided tour of the Acropolis. One thing to improve might be offering more direct flights. I would absolutely consider you for my next trip, maybe to explore Santorini next time.",positive,"The review expresses a positive experience overall, highlighting enjoyment of the history and a specific appreciation for the guided tour of the Acropolis. The reviewer also indicates a willingness to recommend the destination to a friend and considers using the service again for future travel. The mention of improving direct flights is a minor suggestion and does not detract from the overall positive sentiment.",positive,5,"Dear Valued Customer,

Thank you so much for your wonderful review! We're thrilled to hear that you
loved your trip to Athens and especially enjoyed the guided tour of the
Acropolis. To show our appreciation, we're pleased to offer you a voucher for
a complimentary guided tour on your next trip with us.

We understand the importance of convenient travel, and we're continuously
working to improve our flight options. We hope to make your next journey even
more seamless.

Based on your interest in history and beautiful destinations, we have some
exciting recommendations for your next adventure:

1. Santorini, Greece: Explore the stunning sunsets and unique architecture of
this beautiful island. Enjoy a guided tour of the ancient ruins of Akrotiri.

2. Rome, Italy: Dive into the rich history of the Eternal City with a guided
tour of the Colosseum and the Roman Forum.

3. Cairo, Egypt: Discover the wonders of ancient Egypt with a guided tour of
the Pyramids of Giza and the Sphinx.

We look forward to helping you plan your next unforgettable journey!

Warm regards,

[Your Travel Company Name] Customer Service Team","Santorini, Greece: Explore the stunning sunsets and unique architecture of this beautiful island. Enjoy a guided tour of the ancient ruins of Akrotiri.","Rome, Italy: Dive into the rich history of the Eternal City with a guided tour of the Colosseum and the Roman Forum.","Cairo, Egypt: Discover the wonders of ancient Egypt with a guided tour of the Pyramids of Giza and the Sphinx."
"I traveled to Barcelona for a long weekend. The trip was fantastic and I've already told my friends to check it out. I especially enjoyed the local food tours. It would be great if you could provide more nightlife recommendations. I'd book again, perhaps to visit the south of Spain next time.",positive,"The review is predominantly positive as the customer describes the trip as 'fantastic' and mentions recommending it to friends. The enjoyment of local food tours and the intention to book again further indicate a positive experience. The mention of wanting more nightlife recommendations is a minor suggestion rather than a complaint, and does not detract from the overall positive sentiment.",positive,5,"Dear Valued Customer,

Thank you so much for your wonderful review! We're thrilled to hear that you had a
fantastic time in Barcelona and enjoyed the local food tours. As a token of our
appreciation, we'd like to offer you a voucher for a complimentary food tour on
your next trip with us.

We also noted your interest in nightlife recommendations, and we're excited to
help you explore more of Spain. Here are three trips we think you'll love:

1. Discover the vibrant nightlife of Madrid with our exclusive evening tours,
   featuring tapas tastings and live flamenco shows.
2. Experience the culinary delights of Seville, where you can enjoy authentic
   Andalusian cuisine and explore the city's lively bars and clubs.
3. Explore the stunning beaches and vibrant nightlife of Ibiza, perfect for a
   relaxing yet exciting getaway.

We hope to welcome you back soon for another unforgettable adventure!

Warm regards,

[Your Travel Company Name]","Madrid: Discover the vibrant nightlife of Madrid with our exclusive evening tours,
featuring tapas tastings and live flamenco shows.","Seville: Experience the culinary delights of Seville, where you can enjoy authentic
Andalusian cuisine and explore the city's lively bars and clubs.","Ibiza: Explore the stunning beaches and vibrant nightlife of Ibiza, perfect for a
relaxing yet exciting getaway."
"I visited Rome for a week. I thoroughly enjoyed every moment and have already recommended it to coworkers. The ancient ruins were my favorite highlight. Maybe you could offer optional language classes for travelers. I'll definitely use your services again, maybe for a trip to Florence.",positive,"The review expresses enjoyment and satisfaction with the trip to Rome, mentioning that the reviewer thoroughly enjoyed every moment and has recommended it to coworkers. The mention of a favorite highlight, the ancient ruins, further indicates a positive experience. The suggestion for optional language classes is constructive feedback rather than a complaint. The reviewer also expresses intent to use the services again for a future trip, which reinforces the positive sentiment.",positive,4,"Dear Valued Customer,

Thank you so much for your wonderful review! We're thrilled to hear that you
thoroughly enjoyed your trip to Rome and that the ancient ruins were a
highlight for you. As a token of our appreciation, we would like to offer you
a voucher for a guided tour of ancient sites on your next trip with us.

We are delighted to hear that you are considering using our services again for
a trip to Florence. Based on your interest in ancient ruins and cultural
experiences, we would like to recommend the following trips:

1. Florence: Explore the Renaissance art and architecture, including a visit
to the Uffizi Gallery and the iconic Florence Cathedral.

2. Athens: Discover the ancient wonders of Greece, including the Acropolis and
the Parthenon, with guided tours available.

3. Pompeii: Step back in time with a visit to the ancient city of Pompeii,
where you can explore the well-preserved ruins and learn about its
fascinating history.

We hope these suggestions inspire your next adventure, and we look forward to
assisting you with your travel plans. Thank you once again for your positive
feedback and for recommending us to your coworkers.

Warm regards,

[Your Travel Company Name] Customer Service Team","Florence: Explore the Renaissance art and architecture, including a visit to the Uffizi
Gallery and the iconic Florence Cathedral.","Athens: Discover the ancient wonders of Greece, including the Acropolis and the
Parthenon, with guided tours available.","Pompeii: Step back in time with a visit to the ancient city of Pompeii, where you can
explore the well-preserved ruins and learn about its fascinating history."
"My trip to Istanbul lasted four days. The experience was wonderful, and yes, I'd tell a friend to go. I loved the mix of modern city life and historical sites. It would be nice if you included some more budget-friendly excursions. I plan to use you next time, perhaps to see Cappadocia.",positive,"The review expresses a positive overall experience, mentioning that the trip was wonderful and that the reviewer would recommend it to a friend. The reviewer also plans to use the service again for a future trip, indicating satisfaction. Although there is a suggestion for more budget-friendly excursions, it does not overshadow the positive aspects mentioned.",positive,5,"Dear Valued Customer,

Thank you so much for your wonderful review! We're thrilled to hear that you
had a fantastic time in Istanbul and enjoyed the blend of modern city life
and historical sites. To show our appreciation, we're pleased to offer you a
voucher for a complimentary guided tour of a historical site on your next
trip with us.

Based on your interests, we have some exciting recommendations for your
future travels:

1. Explore the enchanting landscapes of Cappadocia with our 'Cappadocia
   Adventure' package, which includes hot air balloon rides and visits to
   ancient cave dwellings.

2. Discover the rich history of Athens, Greece, where you can enjoy a mix of
   vibrant city life and iconic historical landmarks like the Acropolis.

3. Experience the cultural fusion of Marrakech, Morocco, where you can
   explore bustling souks and the stunning architecture of historical
   palaces.

We look forward to helping you plan your next adventure!

Warm regards,

[Your Travel Company Name] Customer Service Team","Cappadocia: Cappadocia Adventure package, including hot air balloon rides and visits to ancient cave dwellings.","Athens, Greece: Explore vibrant city life and iconic historical landmarks like the Acropolis.","Marrakech, Morocco: Experience bustling souks and stunning architecture of historical palaces."
"I spent five days exploring the Greek islands. I had an amazing trip and have already recommended it to family. The crystal-clear waters were the best part. Maybe more variety in insurance options would help. I will definitely come back for another trip, maybe to Rhodes next.",positive,"The review is predominantly positive, as the customer describes their trip as 'amazing' and mentions recommending it to family. They highlight the 'crystal-clear waters' as the best part and express a desire to return for another trip. Although there is a minor suggestion for more variety in insurance options, it does not significantly detract from the overall positive sentiment of the review.",positive,5,"Dear Valued Customer,

Thank you so much for your wonderful review! We're thrilled to hear that you had an
amazing time exploring the Greek islands and that the crystal-clear waters were a
highlight of your trip. As a token of our appreciation, we would like to offer you a
voucher for a complimentary snorkeling excursion on your next trip with us, so you can
enjoy those beautiful waters even more.

We also appreciate your feedback regarding our insurance options and will certainly
consider it for future improvements.

Based on your interests, we have some exciting trip recommendations for you:

1. **Rhodes Adventure**: Discover the rich history and stunning beaches of Rhodes. From
the ancient ruins to the vibrant local culture, there's something for everyone.

2. **Santorini Escape**: Experience the iconic sunsets and unique volcanic beaches of
Santorini. Perfect for a romantic getaway or a relaxing retreat.

3. **Crete Exploration**: Dive into the diverse landscapes and rich culinary traditions
of Crete. Explore charming villages, hike scenic trails, and savor delicious local
cuisine.

We look forward to welcoming you back for another unforgettable journey!

Warm regards,

[Your Travel Company Name]","Rhodes: Discover the rich history and stunning beaches of Rhodes. From the ancient ruins to the vibrant local culture, there's something for everyone.",Santorini: Experience the iconic sunsets and unique volcanic beaches of Santorini. Perfect for a romantic getaway or a relaxing retreat.,"Crete: Dive into the diverse landscapes and rich culinary traditions of Crete. Explore charming villages, hike scenic trails, and savor delicious local cuisine."
"I visited Athens for a week. The trip felt disorganized, and I wouldn't recommend it to my friends. The best part was the local cuisine. Better communication about pick-up times would help a lot. I'm not sure if I'd use your service again, but maybe I'd try Rome next if things improve.",negative,"The review expresses dissatisfaction with the trip, mentioning it felt disorganized and the reviewer would not recommend it to friends. Although there is a positive mention of the local cuisine, the overall sentiment is negative due to the issues with organization and communication. The reviewer is uncertain about using the service again, indicating a lack of confidence in the experience provided.",negative,2,"Dear Valued Customer,

We sincerely apologize for the disorganization you experienced during your recent trip to Athens. We understand how important it is to have clear communication, especially regarding pick-up times, and we are sorry for any inconvenience this may have caused.

To address this issue, we are implementing a new communication system that will provide real-time updates and reminders about pick-up times to ensure a smoother experience for our customers.

As a token of our apology and appreciation for your feedback, we would like to offer you a 25% discount on your next trip with us. We hope you will consider visiting Rome with us, and we are committed to making your experience more enjoyable.

Thank you for taking the time to share your feedback. It is invaluable in helping us improve our services.

Warm regards,

[Your Travel Company Name] Customer Service Team",ATHENS2023-4821
"My four-day trip to Barcelona was underwhelming. I wouldn’t suggest it to anyone looking for a smooth travel experience. The only highlight was a decent hotel room. Please improve your tour coordination. I might give you another chance, but only if you fix the scheduling issues—perhaps in Madrid next time.",negative,"The review expresses dissatisfaction with the overall travel experience, describing it as 'underwhelming' and not recommending it to others. The mention of a 'decent hotel room' is the only positive aspect, but it is overshadowed by the negative comments about poor tour coordination and scheduling issues. The reviewer indicates a willingness to try again only if improvements are made, suggesting a negative sentiment overall.",negative,2,"Dear Valued Customer,

We sincerely apologize for the underwhelming experience you had during your
recent trip to Barcelona. We understand that smooth travel coordination is
crucial, and we are sorry for any inconvenience caused by scheduling issues.

To address this, we are actively reviewing our tour coordination processes to
ensure better planning and communication in the future. Your feedback is
invaluable in helping us improve our services.

As a token of our apology and appreciation for your feedback, we would like to
offer you a 25% discount on your next visit. We hope to have the opportunity to
provide you with a more enjoyable experience, perhaps in Madrid as you
mentioned.

Thank you for taking the time to share your thoughts with us. We look forward
to serving you better in the future.

Warm regards,

[Your Travel Company Name] Customer Service Team",BARCELONA2023-4827
"I went to Rome for five days, but it didn’t live up to the hype. I wouldn’t really recommend it. The historical sites were interesting, but that’s about it. I'd like more responsive customer service. I’m hesitant to book again, but if I do, I'd consider Naples next time.",negative,"The review expresses disappointment with the trip to Rome, stating it didn't live up to the hype and the reviewer wouldn't recommend it. While the historical sites were noted as interesting, the overall sentiment is negative due to the lack of enthusiasm and the mention of poor customer service. The reviewer is hesitant to book again, indicating dissatisfaction with the experience.",negative,3,"Dear Valued Customer,

We sincerely apologize for your recent experience in Rome not meeting your
expectations. We understand that while the historical sites were interesting,
you found other aspects of your trip lacking. We are committed to improving
our customer service responsiveness and are actively working on enhancing our
support systems to ensure a more satisfying experience for our travelers.

To show our appreciation for your feedback and to encourage you to give us
another chance, we would like to offer you a 25% discount on your next trip
with us. We hope you consider visiting Naples, as it has a unique charm and
many wonderful attractions to explore.

Thank you for taking the time to share your thoughts with us. Your feedback
is invaluable in helping us improve our services.

Warm regards,

[Your Travel Company Name] Customer Service Team",ROME2023-4827
"I took a weekend trip to Istanbul. The overall experience was confusing, and I wouldn't tell a friend to go through your platform. The best thing was the local street food. You could improve by offering clearer visa information. I’m not sure I’ll travel with you again, maybe only if there’s a big discount to visit Cappadocia.",negative,"The review expresses dissatisfaction with the overall experience, describing it as 'confusing' and stating that the reviewer would not recommend the platform to a friend. The reviewer also mentions a lack of clear visa information and expresses uncertainty about using the service again, unless there is a significant discount. Although there is a positive mention of the local street food, the overall sentiment of the review is negative due to the issues highlighted with the service and the reluctance to use it again.",negative,2,"Dear Valued Customer,

We sincerely apologize for the confusion you experienced during your weekend trip to
Istanbul. We understand how important it is to have clear and concise information,
especially regarding visa requirements. We are actively working on improving our
platform to provide more detailed and accessible visa information to ensure a smoother
experience for our travelers.

To show our appreciation for your feedback and to encourage you to travel with us
again, we would like to offer you a 25% discount on your next trip. We hope you
consider visiting Cappadocia, as it is a truly remarkable destination.

Thank you for taking the time to share your thoughts with us. Your feedback is
invaluable in helping us enhance our services.

Warm regards,

[Your Travel Company Name] Customer Service Team",ISTANBUL2023-4827
"My five-day vacation in the Greek islands was disappointing. I’m not recommending this to anyone. The views were lovely, but the rest was poorly arranged. Please offer better on-ground support. I doubt I'll use your service again—if I do, I'd look at Crete to see if it's any better.",negative,"The review expresses disappointment with the vacation experience, stating it was poorly arranged and not recommending it to others. Although the views were described as lovely, the overall sentiment is negative due to the lack of on-ground support and the doubt expressed about using the service again.",negative,2,"Dear Valued Customer,

We sincerely apologize for the disappointing experience you had during your
five-day vacation in the Greek islands. While we are pleased to hear that you
enjoyed the lovely views, we regret that the on-ground support did not meet
your expectations.

To address this issue, we are actively working to enhance our on-ground
services by providing additional training to our staff and improving our
coordination with local partners. We are committed to ensuring that future
trips are better organized and more enjoyable for our customers.

As a token of our apology and appreciation for your feedback, we would like
to offer you a 25% discount on your next visit. Please use the discount code
GREEKISLANDS1234 when booking your next trip with us. We hope you will
consider visiting Crete or any other destination with us in the future.

Thank you for taking the time to share your feedback. It is invaluable in
helping us improve our services.

Warm regards,

[Your Travel Company Name] Customer Service Team",GREEKISLANDS1234
"I spent four days in Cairo. The trip was chaotic, and I won’t be advising friends to book through you. The pyramids were cool, but the rest felt unorganized. Improve your hotel and transfer coordination, please. Maybe I’ll consider you again if you fix these issues, and I'd try Alexandria.",negative,"The review expresses dissatisfaction with the trip, describing it as chaotic and unorganized. The reviewer specifically mentions issues with hotel and transfer coordination and states they would not recommend the service to friends. Although there is a positive mention of the pyramids, the overall sentiment is negative due to the emphasis on the negative aspects and the conditional statement about considering the service again only if improvements are made.",negative,3,"Dear Valued Customer,

We sincerely apologize for the chaotic experience you had during your recent
trip to Cairo. We understand how important it is for our travelers to have a
well-organized and seamless journey, and we are sorry that we fell short in
coordinating your hotel and transfers.

To address this issue, we are actively reviewing our partnerships with local
hotels and transportation services to ensure better coordination and
communication. Our goal is to provide a smoother and more enjoyable experience
for all our customers.

As a token of our apology and appreciation for your feedback, we would like to
offer you a 25% discount on your next trip with us. We hope you will consider
visiting Alexandria with us in the future, where we are committed to providing
a more organized and delightful experience.

Thank you for taking the time to share your feedback. It is invaluable in
helping us improve our services.

Warm regards,

[Your Travel Company Name] Customer Service Team",CAIRO2023-4821
"I went to Paris for a week, and it was not as expected. I wouldn’t recommend it to my colleagues. The only saving grace was the local bakery tours. You really need to streamline your booking process. I might give you one more chance if there's a solid improvement—maybe in the south of France next time.",negative,"The review expresses dissatisfaction with the overall experience in Paris, stating it was not as expected and not recommending it to colleagues. The mention of the local bakery tours as the 'only saving grace' suggests that most aspects were disappointing. Additionally, the reviewer highlights the need for improvement in the booking process and only considers giving another chance if there are solid improvements. These points indicate a negative sentiment overall.",negative,3,"Dear Valued Customer,

We sincerely apologize for the inconvenience you experienced during your recent trip to Paris. We understand that the booking process did not meet your expectations, and we are truly sorry for any frustration this may have caused.

To address this issue, we are actively working on streamlining our booking system to ensure a smoother and more efficient experience for all our customers. Your feedback is invaluable in helping us identify areas for improvement, and we are committed to making the necessary changes.

As a token of our appreciation for your patience and understanding, we would like to offer you a 25% discount on your next trip with us. We hope you will consider giving us another chance to provide you with a memorable experience, perhaps in the beautiful south of France.

Thank you for taking the time to share your feedback. We look forward to the opportunity to serve you better in the future.

Warm regards,

[Your Name]
Customer Service Team",PARIS2023-4821
"My short trip to Dubrovnik was a letdown. I doubt I'd tell anyone to use this service. The old city was nice, but the rest of the tour was poorly organized. You should offer better customer support in emergencies. I’m not sure I’ll consider you again, but if I did, I'd pick Split hoping for a better experience.",negative,"The review expresses dissatisfaction with the service, mentioning that the trip was a letdown and the tour was poorly organized. The reviewer also criticizes the lack of adequate customer support in emergencies and expresses doubt about using the service again. Although there is a brief positive mention of the old city, the overall sentiment is negative.",negative,2,"Dear Valued Customer,

We sincerely apologize for the disappointment you experienced during your
recent trip to Dubrovnik. We understand that the organization of the tour did
not meet your expectations, and we are truly sorry for any inconvenience this
caused. Additionally, we regret that our customer support did not provide the
assistance you needed during emergencies.

To address these issues, we are actively reviewing our tour planning processes
and enhancing our customer support training to ensure a more reliable and
responsive service in the future.

As a token of our apology and appreciation for your feedback, we would like to
offer you a 25% discount on your next visit. We hope you will consider giving
us another chance to provide you with a better experience, perhaps in Split as
you mentioned.

Thank you for taking the time to share your thoughts with us. Your feedback is
invaluable in helping us improve our services.

Warm regards,

[Your Travel Company Name]",DUBROVNIK2023-4821
"I spent five days in Berlin, and it wasn’t worth the cost. I’ve already warned friends about it. The nightlife was okay, but that's the only positive. Please provide clearer travel instructions and better flights. I’m really on the fence about booking again, maybe I'd try Munich if things improve.",negative,"The review expresses dissatisfaction with the overall experience in Berlin, stating it wasn't worth the cost and warning friends about it. The only positive aspect mentioned is the nightlife, which is described as just 'okay.' The reviewer also criticizes the travel instructions and flights, indicating a negative experience. Additionally, the reviewer is hesitant about booking again, suggesting a lack of satisfaction with the current experience.",negative,2,"Dear Valued Customer,

We sincerely apologize for the inconvenience you experienced during your
recent trip to Berlin. We understand that the travel instructions and flight
arrangements did not meet your expectations, and we are truly sorry for any
frustration this may have caused.

To address this issue, we are actively working on improving our travel
instructions to ensure they are clearer and more comprehensive. Additionally,
we are collaborating with our airline partners to enhance the quality of our
flight options.

As a token of our apology and appreciation for your feedback, we would like to
offer you a 25% discount on your next visit. We hope you will consider giving
us another chance, perhaps with a trip to Munich, where we aim to provide a
better experience.

Thank you for taking the time to share your thoughts with us. Your feedback is
invaluable in helping us improve our services.

Warm regards,

[Your Travel Company Name]",BERLIN2023-4827
"We did a four-day trip to Vienna. It didn’t meet our expectations, and I don’t plan on recommending it. The music scene was the only highlight. Improve your hotel selection and communication. I doubt I'll return with you, but if I do, I'd consider Prague hoping for better service.",negative,"The review expresses dissatisfaction with the trip to Vienna, stating it did not meet expectations and the reviewer does not plan on recommending it. The only positive aspect mentioned is the music scene, but overall, the review highlights issues with hotel selection and communication. The reviewer also expresses doubt about returning, indicating a negative sentiment towards the experience.",negative,2,"Dear Valued Customer,

We sincerely apologize for the disappointment you experienced during your
recent trip to Vienna. We understand that the hotel selection and communication
fell short of your expectations, and we are truly sorry for any inconvenience
this may have caused.

To address these issues, we are actively reviewing our hotel partnerships to
ensure that we offer accommodations that meet the high standards our customers
deserve. Additionally, we are enhancing our communication protocols to provide
clearer and more timely information to our travelers.

As a token of our apology and appreciation for your feedback, we would like to
offer you a 25% discount on your next trip with us. We hope you will consider
visiting Prague with us, where we are committed to providing you with a much
improved experience.

Thank you for taking the time to share your thoughts. Your feedback is
invaluable in helping us improve our services.

Warm regards,

[Your Travel Company Name] Customer Service Team",VIENNA2023-4827
"I visited the Amalfi Coast for three days, and it was more trouble than it was worth. I wouldn’t point a friend in this direction. The coastal scenery was beautiful, but logistics were a mess. Please improve your transport coordination. I'm unlikely to try again, but maybe I'd give Capri a shot if things get better.",negative,"The review expresses dissatisfaction with the overall experience, stating that the trip was more trouble than it was worth and that the logistics were a mess. Although the reviewer acknowledges the beauty of the coastal scenery, the negative aspects, such as poor transport coordination, outweigh the positive. The reviewer also mentions being unlikely to return, indicating a negative sentiment overall.",negative,2,"Dear Valued Customer,

We sincerely apologize for the inconvenience you experienced during your
visit to the Amalfi Coast. We understand that while the coastal scenery was
beautiful, the logistical challenges you faced detracted from your overall
experience. We are committed to improving our transport coordination to
ensure a smoother and more enjoyable journey for our guests in the future.

To address this issue, we are actively working with our local partners to
streamline transportation schedules and enhance communication with our
travelers. We hope these improvements will make a significant difference in
your future travels with us.

As a token of our apology and appreciation for your feedback, we would like
to offer you a 25% discount on your next visit. Please use the discount code
'AMALFI2023-XXXX' when booking your next trip with us.

Thank you for taking the time to share your experience. Your feedback is
invaluable in helping us improve our services.

Warm regards,

[Your Travel Company Name] Customer Service Team",AMALFI2023-4821
"My weekend trip to Lisbon was confusing and lacked proper guidance. I won't recommend this service. I did enjoy the local pastries, though. Work on better itinerary planning. I'm not enthusiastic about booking again, but if I do, maybe I'll consider Porto.",negative,"The review expresses dissatisfaction with the service due to confusion and lack of proper guidance, and explicitly states that the reviewer would not recommend the service. Although there is a positive mention of enjoying local pastries, the overall sentiment is negative as the reviewer is not enthusiastic about booking again and suggests improvement in itinerary planning.",negative,3,"Dear Valued Customer,

We sincerely apologize for the confusion and lack of guidance you experienced during your
weekend trip to Lisbon. We understand how important a well-planned itinerary is to fully
enjoy your travel experience, and we are sorry that we fell short in this regard.

To address this issue, we are actively working on improving our itinerary planning process
by incorporating more detailed guidance and clearer instructions for our travelers. Our
aim is to ensure that future trips are seamless and enjoyable for all our customers.

As a token of our apology and appreciation for your feedback, we would like to offer you
a 25% discount on your next visit with us. Please use the discount code LISBON1234 when
booking your next trip.

Thank you for taking the time to share your experience with us. Your feedback is invaluable
in helping us improve our services. We hope to have the opportunity to serve you again,
perhaps on a trip to Porto, and provide you with a more satisfying experience.

Warm regards,

[Your Travel Company Name] Customer Service Team",LISBON1234
"I stayed in Madrid for five days, and it was underwhelming. I wouldn't recommend it. The local markets were decent, but everything else felt poorly organized. You need better on-site representatives. I'm hesitant to try again, but maybe I'd look into Seville if improvements are made.",negative,"The review expresses dissatisfaction with the experience in Madrid, describing it as 'underwhelming' and not recommending it. The mention of 'decent' local markets is overshadowed by the overall negative tone, highlighting poor organization and inadequate on-site representatives. The reviewer is hesitant to return, indicating a negative sentiment.",negative,2,"Dear Valued Customer,

We sincerely apologize for the underwhelming experience you had during your
recent trip to Madrid. We understand that the organization of the trip did not
meet your expectations, and we are truly sorry for any inconvenience this may
have caused. Your feedback regarding the need for better on-site
representatives is invaluable to us.

To address this issue, we are implementing additional training for our on-site
staff to ensure they are better equipped to assist our guests and enhance their
experience. We are also reviewing our organizational processes to ensure a
smoother and more enjoyable experience for all our travelers.

As a token of our apology and appreciation for your feedback, we would like to
offer you a 25% discount on your next visit with us. Please use the discount
code MADRID2023-4821 when booking your next trip.

Thank you for taking the time to share your thoughts with us. We hope to have
the opportunity to provide you with a more enjoyable experience in Seville or
any other destination you choose.

Warm regards,

[Your Travel Company Name] Customer Service Team",MADRID2023-4821
"My four-day experience in Budapest was marred by disorganization. I won't be advising others to book. The thermal baths were the only highlight. Better communication about local tours is needed. I’m unsure if I'd come back with you, maybe if there's a special offer for Lake Balaton.",negative,"The review expresses dissatisfaction with the overall experience, citing disorganization and poor communication about local tours. Although the thermal baths were mentioned as a highlight, the negative aspects outweigh this single positive point. The reviewer also indicates reluctance to recommend the service to others and uncertainty about returning, suggesting a negative sentiment overall.",negative,3,"Dear Valued Customer,

We sincerely apologize for the disorganization you experienced during your
recent trip to Budapest. We understand how important seamless communication
is, especially when it comes to local tours, and we are sorry for any
inconvenience this may have caused.

To address this issue, we are implementing enhanced training for our staff
and improving our communication channels to ensure that all information
regarding local tours is clear and accessible to our customers.

As a token of our apology and appreciation for your feedback, we would like
to offer you a 25% discount on your next visit with us. We hope this will
encourage you to explore more destinations, perhaps even Lake Balaton, with
us in the future.

Thank you for taking the time to share your experience. Your feedback is
invaluable in helping us improve our services.

Warm regards,

[Your Travel Company Name] Customer Service Team",BUDAPEST2023-4827
"I traveled to Jordan for a five-day trip, and it was chaotic. I wouldn't suggest it to friends. Petra was amazing, but transport was a nightmare. Improve your schedules and local partnerships. I doubt I’ll be booking again, but maybe Wadi Rum if there's a serious upgrade in service.",negative,"The review expresses dissatisfaction with the overall experience of the trip to Jordan, describing it as chaotic and not recommending it to friends. While Petra is mentioned positively, the negative aspects such as transportation issues and the need for improvement in schedules and local partnerships dominate the review. The reviewer also expresses doubt about booking again, indicating a negative sentiment overall.",negative,2,"Dear Valued Customer,

We sincerely apologize for the chaotic experience you had during your recent
trip to Jordan. We understand that while you enjoyed Petra, the transportation
issues significantly impacted your overall experience. We are committed to
improving our schedules and strengthening our local partnerships to ensure
smoother and more reliable transport options for our travelers in the future.

As a token of our apology and appreciation for your feedback, we would like to
offer you a 25% discount on your next visit. We hope you will consider giving
us another chance, perhaps to explore the wonders of Wadi Rum with an upgraded
service experience.

Thank you for taking the time to share your thoughts with us. Your feedback is
invaluable in helping us enhance our services.

Warm regards,

[Your Travel Company Name]",JORDAN2023-4827
"I spent four days in Marrakesh, and it didn’t live up to expectations. I won’t recommend this to anyone. The local markets were interesting, but that’s about it. Communication and safety info need to be better. I’m not likely to return, but maybe Fez if there's a big improvement.",negative,"The review expresses disappointment with the experience in Marrakesh, stating it did not live up to expectations and explicitly mentions not recommending it to others. While the local markets are noted as interesting, the overall sentiment is negative due to issues with communication and safety, and the reviewer is unlikely to return unless there are significant improvements.",negative,2,"Dear Valued Customer,

We sincerely apologize for your recent experience in Marrakesh not meeting your
expectations. We understand that communication and safety information are crucial
aspects of any trip, and we are sorry that these did not meet your standards.

To address this, we are actively working on improving our communication channels
and ensuring that all safety information is clear and accessible to our travelers.
Your feedback is invaluable in helping us make these improvements.

As a token of our apology and appreciation for your feedback, we would like to
offer you a 25% discount on your next visit with us. We hope you will consider
exploring Fez or any other destination with us in the future.

Thank you for taking the time to share your thoughts. We are committed to
providing a better experience for you and all our customers.

Warm regards,

[Your Travel Company Name] Customer Service Team",MARRAKESH2023-4827
"My three-day trip to the French Riviera was too expensive for what was offered. I wouldn't recommend it to a friend. The beaches were picturesque, but the tour options were lacking. Please improve your excursion selections. Not sure I'll use you again, maybe I'd look elsewhere in France if you fix issues.",negative,"The review expresses dissatisfaction with the trip, mentioning that it was too expensive for what was offered and that the tour options were lacking. The reviewer explicitly states they wouldn't recommend it to a friend and is unsure if they would use the service again, indicating a negative sentiment overall.",negative,2,"Dear Valued Customer,

We sincerely apologize for the disappointment you experienced during your
recent trip to the French Riviera. We understand that while the beaches were
picturesque, the tour options did not meet your expectations. We are actively
working to enhance our excursion selections to provide a more enriching
experience for our guests.

To address this issue, we are collaborating with local partners to expand our
tour offerings and ensure a variety of engaging activities that cater to
different interests. Your feedback is invaluable in helping us improve our
services.

As a token of our apology and appreciation for your feedback, we would like to
offer you a 25% discount on your next visit with us. Please use the discount
code RIVIERA1234 when booking your next trip.

Thank you for taking the time to share your thoughts with us. We hope to have
the opportunity to serve you better in the future.

Warm regards,

[Your Travel Company Name] Customer Service Team",RIVIERA1234
"I spent a weekend in Prague, and I was disappointed. I won't be telling my friends about this. The city architecture was charming, but the travel arrangements were disorganized. I suggest better coordination with local guides. I’m not planning to return, but if I do, I'd consider a different package entirely.",negative,"The review expresses disappointment with the overall experience, particularly highlighting disorganized travel arrangements and a lack of intention to return. Although the city architecture is described as charming, the negative aspects outweigh this positive note, leading to a negative sentiment.",negative,2,"Dear Valued Customer,

We sincerely apologize for the disorganized travel arrangements you
experienced during your weekend in Prague. We understand how important
smooth coordination with local guides is to ensure a pleasant trip.

To address this issue, we are actively working on improving our
communication and coordination with local partners to prevent such
occurrences in the future. Your feedback is invaluable in helping us
make these improvements.

As a token of our apology and appreciation for your feedback, we would
like to offer you a 25% discount on your next visit with us. We hope
you will give us another opportunity to provide you with a better
experience.

Thank you for taking the time to share your thoughts with us.

Warm regards,

[Your Travel Company Name] Customer Service Team",PRAGUE2023-4827
"My five-day trip to Cyprus felt like a rip-off. I'd never tell a friend to go with your agency. The beaches looked nice, but your hotel choices were subpar. Improve the accommodation standards. I probably won’t come back, but if things change, maybe I'd try Paphos.",negative,"The review expresses dissatisfaction with the trip, describing it as a 'rip-off' and criticizing the hotel choices as 'subpar.' The reviewer explicitly states they would not recommend the agency to a friend and mentions they probably won't return. Although there is a slight positive mention of the beaches looking nice and a conditional openness to trying Paphos if things change, the overall sentiment is negative due to the strong criticism and lack of recommendation.",negative,1,"Dear Valued Customer,

We sincerely apologize for the disappointment you experienced during your
recent trip to Cyprus. We understand that the quality of the hotel
accommodations did not meet your expectations, and we are truly sorry for
any inconvenience this may have caused.

To address this issue, we are actively reviewing our hotel partnerships in
Cyprus to ensure that we offer only the highest quality accommodations to
our customers. Your feedback is invaluable in helping us improve our
services, and we are committed to making the necessary changes.

As a token of our apology and appreciation for your feedback, we would like
to offer you a 25% discount on your next visit with us. We hope you will
consider giving us another chance to provide you with a better experience.

Thank you for taking the time to share your thoughts with us. We truly value
your input and hope to welcome you back to explore Paphos or any other
destination in the future.

Warm regards,

[Your Travel Company Name] Customer Service Team",CYPRUS2023-4821
"Four days in Santorini sounded amazing, but was poorly executed. I'm not recommending this trip. The sunset views were fine, but everything else was disorganized. You need better local partners. I’m unlikely to book again, maybe I'd consider Rhodes if there are improvements.",negative,"The review expresses dissatisfaction with the trip to Santorini, highlighting poor execution and disorganization. The reviewer explicitly states they are not recommending the trip and are unlikely to book again. Although there is a minor positive mention of the sunset views being 'fine,' the overall sentiment is negative due to the emphasis on the negative aspects and the lack of a strong positive endorsement.",negative,2,"Dear Valued Customer,

We sincerely apologize for the disorganization you experienced during your
recent trip to Santorini. We understand how important a well-coordinated
itinerary is to fully enjoy the beauty of such a destination. We are actively
reviewing our partnerships with local providers to ensure a more seamless
experience for our guests in the future.

To show our commitment to improving your travel experiences, we would like to
offer you a 25% discount on your next trip with us. We hope you will consider
visiting Rhodes or another destination of your choice, where we aim to provide
a more satisfying experience.

Thank you for your valuable feedback, which helps us enhance our services.

Warm regards,

[Your Travel Company Name] Customer Service Team",SANTORINI2023-4827
"My three-day trip to Munich was frustrating. I wouldn't recommend it to friends. The beer gardens were okay, but the rest was chaotic. Please offer clearer transport details. I might give it another try if you fix these issues, maybe in Berlin.",negative,"The review expresses frustration and dissatisfaction with the trip to Munich, mentioning that it was chaotic and not recommended to friends. Although there is a slight positive mention of the beer gardens being okay, the overall sentiment is negative due to the emphasis on the need for clearer transport details and the suggestion of trying another city instead.",negative,3,"Dear Valued Customer,

We sincerely apologize for the frustrating experience you had during your
three-day trip to Munich. We understand that the lack of clear transport
details contributed to your dissatisfaction, and we are truly sorry for any
inconvenience this caused.

To address this issue, we are currently working on enhancing our travel
itineraries with more detailed transport information to ensure a smoother
experience for our customers. We are committed to making these improvements
so that your future trips with us are enjoyable and hassle-free.

As a token of our apology and appreciation for your feedback, we would like
to offer you a 25% discount on your next visit. We hope you consider giving
us another chance, perhaps in Berlin, where we are confident you will have a
more pleasant experience.

Thank you for taking the time to share your thoughts with us. Your feedback
is invaluable in helping us improve our services.

Warm regards,

[Your Travel Company Name] Customer Service Team",MUNICH2023-4821
"I spent a week in Florence. It was a letdown, and I won't be telling friends. The art was nice, but the tours were mismanaged. You should improve your itineraries. I'm unsure I'll try again, but maybe Venice if there's a major change.",negative,"The review expresses disappointment with the experience in Florence, describing it as a 'letdown' and indicating that the customer will not recommend it to friends. Although the art is mentioned positively, the overall sentiment is negative due to the mismanaged tours and the suggestion to improve itineraries. The customer is uncertain about returning, which further supports the negative sentiment.",negative,2,"Dear Valued Customer,

We sincerely apologize for the disappointment you experienced during your
recent trip to Florence. We understand that while you enjoyed the art, the
mismanagement of the tours negatively impacted your overall experience.

To address this issue, we are actively reviewing and improving our tour
itineraries to ensure better organization and a more enjoyable experience
for our customers. Your feedback is invaluable in helping us make these
improvements.

As a token of our apology and appreciation for your feedback, we would like
to offer you a 25% discount on your next visit. We hope you will consider
exploring Venice with us, where we are committed to providing a much
improved experience.

Thank you for taking the time to share your thoughts with us. We look
forward to the opportunity to serve you better in the future.

Warm regards,

[Your Travel Company Name] Customer Service Team",FLORENCE2023-4827
"My four-day stay in Lebanon was chaotic. I cannot recommend it. Beirut’s nightlife was decent, but airport transfers were a mess. Provide better documentation and driver info. I’m not eager to return, but I'd consider Byblos only if improvements are made.",negative,"The review expresses dissatisfaction with the overall experience, describing the stay as 'chaotic' and stating 'I cannot recommend it.' While there is a mention of Beirut's nightlife being 'decent,' the negative aspects, such as the 'mess' with airport transfers and the lack of documentation and driver info, outweigh this. The reviewer is not eager to return and would only consider revisiting under improved conditions, indicating a negative sentiment overall.",negative,2,"Dear Valued Customer,

We sincerely apologize for the chaotic experience you had during your
recent trip to Lebanon. We understand that the airport transfers did not
meet your expectations, and we are truly sorry for any inconvenience
this may have caused.

To address the issue you mentioned, we are currently reviewing our
transfer documentation process and ensuring that all driver information
is communicated clearly and promptly to our customers. We are committed
to making these improvements to enhance the overall travel experience.

As a token of our apology and appreciation for your feedback, we would
like to offer you a 25% discount on your next visit. We hope this will
give us the opportunity to provide you with a much-improved experience.

Thank you for taking the time to share your feedback with us. It is
valuable in helping us improve our services.

Warm regards,

[Your Travel Company Name]",BYBLOS2023-4821
"I visited Dubai for five days, and it was overpriced for the service I got. I wouldn't tell my friends about it. The skyline was impressive, but the travel details were poorly handled. Improve your flight and hotel combos. I'm hesitant to come back, maybe I'd try Abu Dhabi with a better plan.",negative,"The review expresses dissatisfaction with the overall experience in Dubai, citing it as overpriced and poorly handled in terms of travel details. The reviewer explicitly states they wouldn't recommend it to friends and is hesitant to return, indicating a negative sentiment. Although there is a mention of the impressive skyline, the overall tone and specific criticisms lead to a negative sentiment conclusion.",negative,2,"Dear Valued Customer,

We sincerely apologize for the negative experience you had during your recent
trip to Dubai. We understand that the service did not meet your expectations,
and we are truly sorry for any inconvenience this may have caused.

We have noted your feedback regarding the flight and hotel combinations, and
we are actively working to improve our travel packages to ensure a more
seamless and enjoyable experience for our customers. Your insights are
invaluable to us, and we are committed to making the necessary adjustments to
prevent similar issues in the future.

As a token of our apology and appreciation for your feedback, we would like to
offer you a 25% discount on your next visit. We hope you will consider giving
us another opportunity to provide you with a better travel experience, perhaps
in Abu Dhabi as you mentioned.

Thank you for taking the time to share your thoughts with us. We value your
feedback and look forward to serving you better in the future.

Warm regards,

[Your Travel Company Name] Customer Service Team",DUBAI2023-4827
"My three-day trip to Malta did not go smoothly. I'm not recommending it. The water was pretty, but the excursion booking was awful. You must streamline the booking process. I'd consider returning only if you fix these issues—maybe Gozo next time.",negative,"The review expresses dissatisfaction with the trip to Malta, specifically highlighting issues with the excursion booking process. Although there is a mention of the water being pretty, the overall sentiment is negative due to the recommendation against visiting and the condition that improvements are needed before considering a return.",negative,3,"Dear Valued Customer,

We sincerely apologize for the inconvenience you experienced during your
recent trip to Malta. We understand that the excursion booking process was
frustrating, and we are truly sorry for any inconvenience this may have caused.

To address this issue, we are actively working on streamlining our booking
process to ensure a smoother and more efficient experience for all our
customers. Your feedback is invaluable in helping us improve our services.

As a token of our apology and appreciation for your feedback, we would like to
offer you a 25% discount on your next visit. We hope you will consider giving us
another chance to provide you with a better experience, perhaps on a trip to
Gozo.

Thank you for taking the time to share your thoughts with us. We are committed
to making the necessary improvements and look forward to welcoming you back.

Warm regards,

[Your Travel Company Name]",MALTA2023-4821
"I went to Marrakech for a weekend, and it wasn't enjoyable. I wouldn't advise my friends to go. The souks were interesting, but there was no proper guidance. Better pre-trip info would help. I don’t see myself using you again, maybe I'd try Casablanca if things improve.",negative,"The review expresses dissatisfaction with the trip to Marrakech, stating it was not enjoyable and advising against recommending it to friends. Although the reviewer found the souks interesting, the lack of proper guidance and pre-trip information contributed to a negative experience. The reviewer also mentions not wanting to use the service again unless improvements are made, indicating an overall negative sentiment.",negative,2,"Dear Valued Customer,

We sincerely apologize for the inconvenience you experienced during your
trip to Marrakech. We understand that the lack of proper guidance in the
souks affected your overall experience, and we are truly sorry for not
meeting your expectations.

To address this issue, we are enhancing our pre-trip information and
guidance services to ensure our customers have a more enjoyable and
well-informed experience. We are committed to improving our services and
hope to provide a better experience in the future.

As a token of our apology, we would like to offer you a 25% discount on
your next visit. Please use the discount code below when booking your
next trip with us.

Thank you for your valuable feedback. It helps us improve and serve you
better.

Warm regards,

[Your Travel Company Name]",MARRAKECH2023-4821
"My four-day visit to Naples was disappointing. I won't be telling others to use this service. The pizza was good, but everything else felt disorganized. Communication with local guides needs an overhaul. I doubt I'll return, but maybe I'd consider the Amalfi Coast someday.",negative,"The review expresses overall disappointment with the visit to Naples, highlighting disorganization and poor communication with local guides. Although the pizza was mentioned positively, the negative aspects outweigh this single positive note. The reviewer also indicates a reluctance to recommend the service to others and doubts they will return, which further supports a negative sentiment.",negative,2,"Dear Valued Customer,

We sincerely apologize for the disappointing experience you had during your
four-day visit to Naples. We understand that while you enjoyed the pizza, the
organization and communication with our local guides did not meet your
expectations. We are committed to improving our services and will be
implementing additional training for our guides to ensure better communication
and coordination in the future.

As a token of our apology and appreciation for your feedback, we would like to
offer you a 25% discount on your next trip with us. We hope you will consider
visiting the Amalfi Coast or any other destination with us, where we aim to
provide a more enjoyable experience.

Thank you for taking the time to share your thoughts. Your feedback is
invaluable in helping us improve our services.

Warm regards,

[Your Travel Company Name] Customer Service Team",NAPLES2023-4821
"Five days in Rhodes sounded great but fell short. I'm not recommending it. The beaches were decent, but the insurance options were confusing. Offer clearer policies. I’m not sure I’ll book again; maybe I'd try Crete if improvements are made.",negative,"The review expresses dissatisfaction with the experience in Rhodes, mentioning that it 'fell short' of expectations. The reviewer is not recommending the destination and is uncertain about booking again. Although the beaches were described as 'decent,' the overall sentiment is negative due to the confusing insurance options and the suggestion to offer clearer policies. The mention of possibly trying Crete instead indicates a lack of satisfaction with the current experience.",negative,2,"Dear Valued Customer,

We sincerely apologize for the confusion you experienced with our insurance
options during your recent trip to Rhodes. We understand how important it is to
have clear and straightforward policies, and we are committed to improving this
aspect of our service. To address this issue, we are currently reviewing our
insurance information to ensure it is more transparent and easier to
understand for all our customers.

As a token of our apology and appreciation for your feedback, we would like to
offer you a 25% discount on your next visit with us. We hope you will consider
exploring Crete or any other destination with us in the future.

Thank you for taking the time to share your experience. Your feedback is
invaluable in helping us improve our services.

Warm regards,

[Your Travel Company Name] Customer Service Team",RHODES2023-4827
"I had a three-day trip to Monaco, and it felt like a waste. I wouldn’t recommend it. The luxurious vibe was overshadowed by poor planning. Provide better mid-range options. I doubt I’ll come back, but if I do, maybe I'd see a different side of the Riviera.",negative,"The review expresses dissatisfaction with the trip, describing it as a 'waste' and not recommending it. The mention of 'poor planning' and the lack of 'better mid-range options' further contribute to the negative sentiment. Although there is a slight openness to possibly seeing a different side of the Riviera in the future, the overall tone is negative.",negative,2,"Dear Valued Customer,

We sincerely apologize for the disappointment you experienced during your recent
trip to Monaco. We understand that the luxurious vibe you were expecting was
diminished by what you felt was poor planning and a lack of suitable mid-range
options. Your feedback is invaluable to us, and we are committed to improving our
services.

To address your concerns, we are actively working on expanding our range of
mid-range options to ensure a more balanced and enjoyable experience for all our
customers. We hope to provide a more diverse selection that caters to various
preferences and budgets in the future.

As a token of our apology and appreciation for your feedback, we would like to
offer you a 25% discount on your next visit. We hope this will give you the
opportunity to explore a different side of the Riviera and have a more fulfilling
experience.

Thank you for taking the time to share your thoughts with us. We value your
feedback and look forward to the possibility of serving you better in the future.

Warm regards,

[Your Travel Company Name]",MONACO2023-4827
"My four-day trip to Tel Aviv left me unimpressed. I won't be suggesting it. The beach was nice, but the scheduling was a mess. Improve your excursion planning. I’m unlikely to use your services again, maybe I'd check Jerusalem if there's big progress.",negative,"The review expresses dissatisfaction with the trip to Tel Aviv, mentioning being unimpressed and not suggesting it to others. Although the beach was described as nice, the overall experience was negative due to poor scheduling and excursion planning. The reviewer also indicates a reluctance to use the services again unless there is significant improvement, suggesting a negative sentiment overall.",negative,2,"Dear Valued Customer,

We sincerely apologize for the inconvenience you experienced during your recent
trip to Tel Aviv. We understand that the scheduling issues detracted from your
overall experience, and we are truly sorry for any frustration this may have
caused.

To address the specific issue you mentioned, we are currently reviewing our
excursion planning process to ensure better coordination and communication in
the future. Our goal is to provide seamless and enjoyable experiences for all
our customers, and your feedback is invaluable in helping us achieve this.

As a token of our apology and appreciation for your feedback, we would like to
offer you a 25% discount on your next trip with us. Please use the discount
code TELAVIV1234 when booking your next adventure.

Thank you for taking the time to share your thoughts with us. We hope to have
the opportunity to serve you again and provide a more enjoyable experience.

Warm regards,

[Your Travel Company Name] Customer Service Team",TELAVIV1234
"I spent a weekend in Venice and was mostly frustrated. I wouldn't recommend it to other couples. Gondola rides were nice, but the rest felt disorganized. Offer better accommodation choices. I’m not sure I’d book again; maybe I'd try Florence if things change.",negative,"The review expresses frustration and dissatisfaction with the overall experience in Venice. While the gondola rides were mentioned as nice, the rest of the experience was described as disorganized, and the reviewer would not recommend it to other couples. Additionally, the reviewer suggests offering better accommodation choices and is uncertain about booking again, indicating a negative sentiment overall.",negative,2,"Dear Valued Customer,

We sincerely apologize for the frustration you experienced during your recent
weekend trip to Venice. We understand that while you enjoyed the gondola rides,
the overall organization and accommodation options did not meet your
expectations. We are committed to improving our services and will be reviewing
our accommodation partners to ensure better choices for our guests in the
future.

As a token of our apology and appreciation for your feedback, we would like to
offer you a 25% discount on your next visit with us. We hope you will consider
exploring Florence or any other destination with us, and we are confident that
your experience will be much more enjoyable.

Thank you for taking the time to share your thoughts. Your feedback is
invaluable in helping us enhance our services.

Warm regards,

[Your Travel Company Name] Customer Service Team",VENICE2023-4827
"I traveled to Palermo for five days, and it was not satisfying. I’d warn my parents against it. The local markets were interesting, but the hotel was subpar. You should improve your vetting process. I probably won't be back, but if so, I'd check Catania hopefully under better terms.",negative,"The review expresses dissatisfaction with the trip to Palermo, mentioning that it was 'not satisfying' and warning others against it. The reviewer found the hotel to be subpar and suggests improvements in the vetting process. Although the local markets were described as interesting, the overall sentiment is negative, as the reviewer states they probably won't return and would consider another location under better terms.",negative,2,"Dear Valued Customer,

We sincerely apologize for the disappointing experience you had during your
recent trip to Palermo. We understand that the quality of the hotel did not
meet your expectations, and we are truly sorry for any inconvenience this
caused.

To address this issue, we are currently reviewing our vetting process for
accommodations to ensure that all our partner hotels meet the high standards
we promise our customers. Your feedback is invaluable in helping us improve
our services.

As a token of our apology and appreciation for your feedback, we would like
to offer you a 25% discount on your next visit with us. We hope you will
consider visiting Catania or any other destination with us under better
terms.

Thank you for taking the time to share your experience. We are committed to
making your next trip more enjoyable.

Warm regards,

[Your Travel Company Name] Customer Service Team",PALERMO1234
"I joined a four-day tour of Marrakech. It was poorly managed, so I wouldn't suggest it. The gardens were lovely, but too many delays. Better group coordination is needed. I’m not planning on returning, but I'd consider Fes if there's a major revamp.",negative,"The review expresses dissatisfaction with the tour due to poor management and delays. Although the reviewer mentions that the gardens were lovely, the overall sentiment is negative as they would not suggest the tour and are not planning to return unless there are significant improvements.",negative,2,"Dear Valued Customer,

We sincerely apologize for the negative experience you had during your
four-day tour of Marrakech. We understand that the delays and lack of
coordination were frustrating, and we are truly sorry for any inconvenience
this caused.

To address the issues you mentioned, we are actively working on improving
our group coordination and management processes to ensure a smoother and
more enjoyable experience for all our guests. Your feedback is invaluable
in helping us make these improvements.

As a token of our apology and appreciation for your feedback, we would like
to offer you a 25% discount on your next visit. We hope you will consider
exploring Fes with us in the future and experience the improvements we are
implementing.

Thank you for taking the time to share your thoughts with us. We are
committed to providing a better experience and hope to have the opportunity
to serve you again.

Warm regards,

[Your Travel Company Name]",MARRAKECH2023-4821
"My long weekend in Sharm El Sheikh was chaotic. I won't recommend it. The snorkeling was good, but flight arrangements were confusing. Improve your flight partnerships. I doubt I'll use you again; maybe Cairo would be an option if things are fixed.",negative,"The review expresses dissatisfaction with the overall experience, describing it as chaotic and not recommending it. While the snorkeling was mentioned positively, the confusion with flight arrangements and the doubt about using the service again indicate a negative sentiment.",negative,2,"Dear Valued Customer,

We sincerely apologize for the chaotic experience you had during your long
weekend in Sharm El Sheikh. We understand that the confusion with the flight
arrangements was frustrating, and we are truly sorry for any inconvenience
this caused.

To address this issue, we are actively working on improving our flight
partnerships to ensure clearer and more reliable arrangements for our
customers. Your feedback is invaluable in helping us make these improvements.

As a token of our apology and appreciation for your feedback, we would like
to offer you a 25% discount on your next trip with us. We hope you will
consider visiting Cairo or any other destination with us in the future.

Thank you for taking the time to share your experience. We are committed to
providing a better experience for you and all our customers.

Warm regards,

[Your Travel Company Name] Customer Service Team",SHARM1234
"I spent three days in Ibiza, but the service was lacking. I can’t recommend this to anyone. The nightlife was okay, but overall planning was terrible. You should focus on daytime excursions too. I'm likely not returning, maybe I'd see Mallorca if improvements are made.",negative,"The review expresses dissatisfaction with the service and overall planning, stating that the reviewer cannot recommend the experience to others. Although there is a neutral comment about the nightlife being 'okay,' the overall tone is negative, as the reviewer mentions they are unlikely to return and suggests improvements are needed.",negative,2,"Dear Valued Customer,

We sincerely apologize for the shortcomings you experienced during your recent
trip to Ibiza. We understand that the overall planning did not meet your
expectations, and we regret that our service fell short. We appreciate your
feedback regarding the need for more daytime excursions, and we are actively
working to enhance our itinerary options to provide a more balanced and
fulfilling experience for our guests.

To show our commitment to improving your experience, we would like to offer you
a 25% discount on your next visit. We hope you will consider giving us another
chance, perhaps to explore Mallorca, where we are implementing new and exciting
excursions.

Thank you for taking the time to share your thoughts with us. Your feedback is
invaluable in helping us improve our services.

Warm regards,

[Your Travel Company Name] Customer Service Team",IBIZA2023-4827
"I visited the Black Forest for five days, but it was underwhelming. I wouldn't tell nature-lovers about this trip. The scenery was fine, but your itinerary was weak. Please provide more local insights. I doubt I'll come back, maybe Bavaria would be different with better planning.",negative,"The review expresses dissatisfaction with the trip to the Black Forest, describing it as 'underwhelming' and indicating that the itinerary was 'weak.' The reviewer also mentions that they would not recommend the trip to nature-lovers and expresses doubt about returning, suggesting a preference for a different location with better planning. These points highlight a negative sentiment towards the experience.",negative,2,"Dear Valued Customer,

We sincerely apologize for your recent experience in the Black Forest not meeting your expectations. We understand that the itinerary did not provide the local insights you were hoping for, and we are truly sorry for any disappointment this may have caused.

To address this issue, we are actively working on enhancing our itineraries by incorporating more local experiences and insights to ensure a richer and more engaging visit for our guests. Your feedback is invaluable in helping us improve our services.

As a token of our apology and appreciation for your feedback, we would like to offer you a 25% discount on your next trip with us. We hope you will consider visiting Bavaria or another destination with us in the future, where we can provide a more fulfilling experience.

Thank you for taking the time to share your thoughts with us. We are committed to making improvements and hope to have the opportunity to serve you better next time.

Warm regards,

[Your Travel Company Name] Customer Service Team",BLACKFOREST2023-4827
"My four-day trip to Salzburg was not as advertised. I won't recommend it to friends. The Sound of Music tour was okay, but the rest was a mess. Better communication is needed. I'm not sure I'll try again, maybe I'd see Vienna if you improve.",negative,"The review expresses dissatisfaction with the trip to Salzburg, stating it was not as advertised and that the reviewer would not recommend it to friends. While the Sound of Music tour was described as 'okay,' the overall experience was negative, with a call for better communication. The reviewer is uncertain about trying again, indicating a lack of confidence in the service. These elements contribute to a negative sentiment.",negative,2,"Dear Valued Customer,

We sincerely apologize for the negative experience you had during your
four-day trip to Salzburg. We understand that the trip did not meet your
expectations, particularly with the communication aspect of the tour.

To address this issue, we are actively working on improving our
communication channels to ensure that all aspects of our trips are
clearly and accurately conveyed to our customers. We are also reviewing
our tour itineraries to ensure they align with the advertised
experience.

As a token of our apology and to encourage you to give us another
chance, we would like to offer you a 25% discount on your next visit.

Thank you for your feedback, as it helps us improve our services. We
hope to have the opportunity to provide you with a better experience in
the future, perhaps on a trip to Vienna.

Warm regards,

[Your Travel Company Name]",SALZBURG2023-4821
"I spent a week in Antalya. The experience was mediocre, and I wouldn’t recommend it to my beach-loving friends. The resort was below expectations. Offer better hotel standards. I’m not keen on returning, but if I do, I'd try Bodrum instead.",negative,"The review expresses dissatisfaction with the experience in Antalya, describing it as mediocre and below expectations. The reviewer explicitly states they would not recommend it to friends and mentions a preference for trying a different location, Bodrum, if they return. These points indicate a negative sentiment.",negative,2,"Dear Valued Customer,

We sincerely apologize for the mediocre experience you had during your
recent stay in Antalya. We understand that the resort did not meet your
expectations, especially as a beach lover, and we are truly sorry for any
disappointment this may have caused.

To address this issue, we are actively working with our partner hotels to
ensure that they meet the high standards our customers expect and deserve.
We are committed to improving our selection process and will be conducting
more thorough reviews of our accommodations to prevent similar experiences
in the future.

As a token of our apology and appreciation for your feedback, we would like
to offer you a 25% discount on your next visit with us. Please use the
discount code 'ANTALYA1234' when booking your next trip.

Thank you for taking the time to share your experience with us. Your
feedback is invaluable in helping us improve our services.

Warm regards,

[Your Travel Company Name] Customer Service Team",ANTALYA1234
"My four-day trip to Valencia felt chaotic. I wouldn't suggest it to others. The City of Arts and Sciences was nice, but the rest was disorganized. Improve your booking system. I’m not sure I'll use you again, maybe I'd try Bilbao if things change.",negative,"The review expresses dissatisfaction with the trip to Valencia, describing it as chaotic and disorganized. The reviewer explicitly states they wouldn't suggest it to others and criticizes the booking system. Although there is a brief positive mention of the City of Arts and Sciences, the overall sentiment is negative, as the reviewer is unsure about using the service again and suggests they might consider another destination if improvements are made.",negative,2,"Dear Valued Customer,

We sincerely apologize for the chaotic experience you had during your
four-day trip to Valencia. We understand that a disorganized booking
system can significantly impact your travel experience, and we are
truly sorry for any inconvenience this may have caused.

To address this issue, we are actively working on improving our
booking system to ensure a smoother and more efficient process for
our customers. Your feedback is invaluable in helping us identify
areas for improvement, and we are committed to making the necessary
changes to enhance our services.

As a token of our apology and appreciation for your feedback, we
would like to offer you a 25% discount on your next trip with us.
Please use the discount code VALENCIA1234 when booking your next
adventure. We hope you will consider giving us another chance to
provide you with a better experience, perhaps in Bilbao or any other
destination of your choice.

Thank you once again for your feedback. We look forward to serving
you better in the future.

Warm regards,

[Your Travel Company Name] Customer Service Team",VALENCIA1234
"I visited Amsterdam for three days, and it wasn't worth it. I’ve advised my friends to look elsewhere. The canals were picturesque, but tours were poorly run. Please refine your guided tours. I'm not booking again anytime soon, maybe Rotterdam if there's a big overhaul.",negative,"The review expresses dissatisfaction with the visit to Amsterdam, stating it wasn't worth it and advising friends to look elsewhere. While the reviewer acknowledges the canals as picturesque, they criticize the poorly run tours and express a lack of intention to return unless significant improvements are made. Overall, the negative aspects outweigh the positive, leading to a negative sentiment.",negative,2,"Dear Valued Customer,

We sincerely apologize for the negative experience you had during your recent
trip to Amsterdam. We understand that the guided tours did not meet your
expectations, and we are truly sorry for any inconvenience this may have caused.

To address the issue, we are currently reviewing our tour operations and working
closely with our partners to ensure that all future tours are well-organized and
provide a memorable experience for our guests.

As a token of our apology and appreciation for your feedback, we would like to
offer you a 25% discount on your next visit with us. We hope you will consider
exploring Rotterdam or any other destination with us in the future.

Thank you for taking the time to share your thoughts. Your feedback is invaluable
in helping us improve our services.

Warm regards,

[Your Travel Company Name]",AMS2023-4821
"I stayed in Sofia for four days. The trip was disappointing, and I won't be recommending it. The mountain views were nice, but your cultural tips were lacking. Provide better local guidance. I'm probably not returning, but maybe I'd consider the seaside if it improves.",negative,"The review expresses disappointment with the trip and explicitly states that the reviewer will not be recommending it. While there is a brief mention of the mountain views being nice, the overall sentiment is negative due to the lack of cultural tips and inadequate local guidance. The reviewer also mentions they are unlikely to return, indicating dissatisfaction with the experience.",negative,2,"Dear Valued Customer,

We sincerely apologize for the disappointment you experienced during your
recent trip to Sofia. We understand that our cultural tips did not meet your
expectations, and we are truly sorry for any inconvenience this may have caused.

To address this issue, we are actively working on enhancing our local guidance
by collaborating with local experts to provide more comprehensive and insightful
cultural tips for our travelers. We are committed to ensuring that future trips
are more enriching and enjoyable.

As a token of our apology and appreciation for your feedback, we would like to
offer you a 25% discount on your next visit. We hope you will consider exploring
the seaside with us, as we are continuously striving to improve our services.

Thank you for taking the time to share your thoughts with us. Your feedback is
invaluable in helping us enhance our offerings.

Warm regards,

[Your Travel Company Name]",SOFIA2023-4821
"I spent three days in Belgrade, and it was below average. I wouldn’t suggest it. The riverfront was okay, but overall it lacked organization. Improve your insurance options. I doubt I'll come back, but perhaps I'd try another Balkan city if changes are made.",negative,"The review expresses dissatisfaction with the overall experience in Belgrade, describing it as 'below average' and stating that the reviewer 'wouldn't suggest it.' While there is a minor positive mention of the riverfront being 'okay,' the overall sentiment is negative due to the lack of organization and the suggestion to improve insurance options. The reviewer also expresses doubt about returning, indicating a negative impression.",negative,2,"Dear Valued Customer,

We sincerely apologize for your recent experience in Belgrade not meeting your
expectations. We understand that the lack of organization during your trip was
disappointing, and we are committed to improving our services. We are currently
reviewing our travel itineraries and insurance options to ensure a more seamless
and satisfying experience for our customers in the future.

As a token of our apology and appreciation for your feedback, we would like to
offer you a 25% discount on your next visit with us. We hope you will consider
exploring another Balkan city with us, and we are confident that your next
experience will be much more enjoyable.

Thank you for taking the time to share your thoughts with us. Your feedback is
invaluable in helping us improve our services.

Warm regards,

[Your Travel Company Name]",BELGRADE2023-4827
"My weekend in Zurich was not smooth. I won't recommend it to colleagues. The scenic views were fine, but scheduling was off. More local tours are needed. I'm not sure I'd book again, maybe Geneva if there's a revamp.",negative,"The review expresses dissatisfaction with the experience in Zurich, mentioning that the weekend was not smooth and that the reviewer would not recommend it to colleagues. Although the scenic views were described as 'fine,' the overall tone is negative due to issues with scheduling and a lack of local tours. The reviewer is uncertain about booking again and suggests considering Geneva instead, indicating a negative sentiment towards the experience in Zurich.",negative,3,"Dear Valued Customer,

We sincerely apologize for the inconvenience you experienced during your
weekend in Zurich. We understand that the scheduling issues and lack of
local tours did not meet your expectations, and we are truly sorry for
any disruption this may have caused to your trip.

To address these concerns, we are actively working on improving our
scheduling processes and expanding our range of local tours to ensure a
more enjoyable and seamless experience for our guests in the future.

As a token of our apology and appreciation for your feedback, we would
like to offer you a 25% discount on your next visit with us. Please use
the discount code ZURICH2023-XXXX on your next booking.

Thank you for taking the time to share your thoughts with us. Your
feedback is invaluable in helping us enhance our services.

Warm regards,

[Your Travel Company Name] Customer Service Team",ZURICH2023-4821
"I traveled to Luxembourg City for three days, and it felt boring. I wouldn't tell friends to visit. The old fortress was interesting, but the rest was under-planned. Please add more excursion options. I'm hesitant to return, maybe I'd see the Benelux region elsewhere.",negative,"The review expresses dissatisfaction with the travel experience in Luxembourg City, describing it as 'boring' and 'under-planned.' The reviewer mentions that they wouldn't recommend it to friends and are hesitant to return, indicating a negative sentiment. Although there is a brief mention of the old fortress being interesting, the overall tone and content of the review suggest a negative experience.",negative,2,"Dear Valued Customer,

We sincerely apologize for your recent experience in Luxembourg City not meeting your expectations. We understand that you found the trip under-planned and lacking in excursion options, which made your visit less enjoyable.

To address this, we are actively working on expanding our range of excursions and activities in Luxembourg City to ensure a more engaging and fulfilling experience for our travelers. Your feedback is invaluable in helping us improve our services.

As a token of our apology and appreciation for your feedback, we would like to offer you a 25% discount on your next visit with us. We hope this will give you the opportunity to explore more of the Benelux region and have a more enjoyable experience.

Thank you for taking the time to share your thoughts with us. We look forward to welcoming you back and providing you with a better travel experience.

Warm regards,

[Your Travel Company Name] Customer Service Team",LUXEMBOURG1234
"My four-day trip to Brussels was a letdown. I won't be praising it to anyone. The chocolate was good, but the tour coverage was poor. Better museum guidance would help. I’m probably not returning, maybe I'd check Bruges with a different operator.",negative,"The review expresses overall dissatisfaction with the trip to Brussels. The reviewer mentions that the trip was a 'letdown' and explicitly states they won't be praising it to anyone. While there is a positive mention of the chocolate, the negative aspects such as poor tour coverage and inadequate museum guidance dominate the review. Additionally, the reviewer indicates a lack of interest in returning to Brussels, suggesting a negative overall sentiment.",negative,2,"Dear Valued Customer,

We sincerely apologize for the disappointment you experienced during your recent
trip to Brussels. We understand that the tour coverage did not meet your
expectations, and we regret that the museum guidance was not up to par.

To address this issue, we are actively working with our tour guides to enhance
their training and ensure they provide comprehensive and engaging tours. We are
also reviewing our museum partnerships to improve the guidance and information
available to our guests.

As a token of our apology and to encourage you to give us another chance, we
would like to offer you a 25% discount on your next trip with us. Please use the
discount code ""BRUSSELS1234"" when booking your next adventure.

Thank you for your valuable feedback. It helps us improve our services and
ensure a better experience for all our customers. We hope to have the
opportunity to serve you again and provide a trip that exceeds your
expectations.

Warm regards,

[Your Travel Company Name] Customer Service Team",BRUSSELS1234
"I spent a short luxury stay in Monaco that wasn't worth the high cost. I’m not recommending it. The yacht area was interesting, but the dining options were limited. Offer better variety. I doubt I'll come back, maybe I'd explore Nice if you improve your packages.",negative,"The review expresses dissatisfaction with the value for money, limited dining options, and a lack of recommendation to others. The reviewer also mentions a preference to explore another location unless improvements are made, indicating a negative sentiment overall.",negative,2,"Dear Valued Customer,

We sincerely apologize for your recent experience in Monaco not meeting your expectations. We understand that the limited dining options impacted your stay, and we are committed to improving this aspect of our packages. Our team is actively working on expanding the variety of dining experiences available to ensure a more satisfying and diverse selection for our guests.

To express our gratitude for your feedback and to encourage you to give us another chance, we would like to offer you a 25% discount on your next visit. We hope you consider exploring Nice with us, where we are continuously enhancing our offerings.

Thank you for taking the time to share your thoughts. Your feedback is invaluable in helping us improve our services.

Warm regards,

[Your Travel Company Name] Customer Service Team",MONACO2023-4821
"My five-day trip to Vienna was frustrating. I won't suggest it to my music-loving pals. The opera house was fine, but everything else was disorganized. Better student discounts might help. I'm probably not returning, maybe I'd try Salzburg with a different plan.",negative,"The review expresses frustration with the trip to Vienna, indicating a negative experience. The reviewer mentions that they would not recommend it to their friends, found the trip disorganized, and is unlikely to return. Although the opera house was described as 'fine,' the overall sentiment is negative due to the dissatisfaction with the trip and the suggestion of trying a different location next time.",negative,2,"Dear Valued Customer,

We sincerely apologize for the frustration you experienced during your recent
trip to Vienna. We understand that as a music lover, you were looking forward
to a well-organized experience, and we regret that we did not meet your
expectations.

We have taken your feedback seriously and are currently reviewing our
itineraries and partnerships to ensure better organization and enhanced
student discounts for future trips. Your insights are invaluable in helping us
improve our services.

As a token of our apology and appreciation for your feedback, we would like to
offer you a 25% discount on your next visit with us. We hope you will consider
exploring Salzburg or another destination with us in the future.

Thank you for taking the time to share your experience. We are committed to
making your next trip more enjoyable.

Warm regards,

[Your Travel Company Name]",VIENNA2023-4821
"I did a three-day trip to Geneva, and it was underwhelming. I wouldn't advise friends to go. The chocolate factory was okay, but the rest lacked planning. Provide better hotel categories. I doubt I’ll return, maybe I'd check Zurich if there's improvement.",negative,"The review expresses dissatisfaction with the trip to Geneva, describing it as 'underwhelming' and stating that the reviewer would not advise friends to go. While the chocolate factory was mentioned as 'okay,' the overall experience was negative due to poor planning and inadequate hotel categories. The reviewer also expresses doubt about returning, indicating a negative sentiment towards the experience.",negative,2,"Dear Valued Customer,

We sincerely apologize for the underwhelming experience you had during your
recent trip to Geneva. We understand that the lack of planning and the hotel
categories did not meet your expectations, and we are truly sorry for any
inconvenience this may have caused.

To address these issues, we are actively working on improving our itinerary
planning and ensuring that our hotel selections meet a higher standard of
quality and comfort. Your feedback is invaluable in helping us make these
improvements.

As a token of our apology and appreciation for your feedback, we would like to
offer you a 25% discount on your next visit with us. Please use the discount
code GENEVA1234 when booking your next trip.

Thank you for taking the time to share your experience with us. We hope to
have the opportunity to provide you with a much-improved travel experience in
the future, perhaps in Zurich or another destination of your choice.

Warm regards,

[Your Travel Company Name] Customer Service Team",GENEVA1234
"I spent five days in Amsterdam, but the experience was subpar. I won’t recommend it. The bike tours were decent, but the rest was disjointed. Improve family-friendly events. I'm not sure I'll book again, maybe The Hague if you step up your game.",negative,"The review expresses dissatisfaction with the overall experience in Amsterdam, describing it as 'subpar' and stating that the reviewer would not recommend it. While the bike tours were mentioned as 'decent,' the rest of the experience was described as 'disjointed,' and there is a suggestion to improve family-friendly events. The reviewer also expresses uncertainty about booking again and suggests considering another location, The Hague, if improvements are made. These points indicate a negative sentiment overall.",negative,2,"Dear Valued Customer,

We sincerely apologize for the subpar experience you had during your recent
trip to Amsterdam. We understand that while you found the bike tours decent,
the rest of your experience felt disjointed, particularly in terms of
family-friendly events.

We are committed to improving our offerings and are actively working on
expanding and enhancing our family-friendly activities to ensure a more
cohesive and enjoyable experience for all our guests.

As a token of our apology and appreciation for your feedback, we would like
to offer you a 25% discount on your next visit. Please use the discount code
""AMSTERDAM1234"" when booking your next trip.

Thank you for taking the time to share your thoughts with us. We hope to
have the opportunity to welcome you back and provide you with a more
satisfying experience, perhaps in The Hague or another destination of your
choice.

Warm regards,

[Your Travel Company Name] Customer Service Team",AMSTERDAM1234
"My four-day trip to Warsaw was disappointing. I won't be telling my friends about it. The historical center was interesting, but your flights were poorly scheduled. Please offer better flight times. I’m not eager to try again, maybe I'd look at Krakow if there's a shift.",negative,"The review expresses disappointment with the trip to Warsaw, specifically mentioning poorly scheduled flights and a lack of eagerness to try again. Although the historical center was noted as interesting, the overall sentiment is negative due to the dissatisfaction with the flight scheduling and the reluctance to recommend the trip to friends.",negative,2,"Dear Valued Customer,

We sincerely apologize for the inconvenience you experienced during your recent
trip to Warsaw. We understand that the flight scheduling did not meet your
expectations, and we are truly sorry for any disruption this may have caused to
your travel plans.

To address this issue, we are actively working with our airline partners to
provide more flexible and convenient flight options for our customers. Your
feedback is invaluable in helping us improve our services, and we are committed
to ensuring a better experience for you in the future.

As a token of our apology and appreciation for your feedback, we would like to
offer you a 25% discount on your next trip with us. Please use the discount code
'WARSAW2023-4821' when booking your next adventure.

Thank you for taking the time to share your experience with us. We hope to have
the opportunity to serve you again and provide a more enjoyable travel
experience, perhaps to Krakow or another destination of your choice.

Warm regards,

[Your Travel Company Name] Customer Service Team",WARSAW2023-4821
"I had a three-day trip to Santorini. It was unforgettable, and I've urged my coworker to check it out. The volcanic views were incredible. Offering more local wine tastings could help. I’m definitely considering you again, maybe for Mykonos.",positive,"The review is predominantly positive, as the reviewer describes the trip as 'unforgettable' and mentions 'incredible' volcanic views. They also express a desire to return, indicating satisfaction. Although there is a suggestion for improvement regarding more local wine tastings, it does not overshadow the overall positive sentiment of the review.",positive,5,"Dear Valued Customer,

Thank you so much for your wonderful review! We're thrilled to hear that you
had an unforgettable experience in Santorini and enjoyed the incredible
volcanic views. As a token of our appreciation, we're pleased to offer you a
voucher for a complimentary local wine tasting on your next trip with us.

We noticed your interest in unique and scenic destinations, and we'd love to
recommend a few more trips that might pique your interest:

1. Mykonos: Known for its vibrant nightlife and beautiful beaches, Mykonos
   offers a perfect blend of relaxation and excitement.

2. Crete: Explore the rich history and stunning landscapes of Crete, with
   opportunities for wine tasting and cultural tours.

3. Santorini Wine Tour: Dive deeper into the local wine culture with a
   dedicated wine tour, exploring the best vineyards and tasting exquisite
   local wines.

We hope to welcome you back soon for another memorable adventure!

Warm regards,

[Your Travel Company Name]","Mykonos: Known for its vibrant nightlife and beautiful beaches, Mykonos offers a
perfect blend of relaxation and excitement.","Crete: Explore the rich history and stunning landscapes of Crete, with
opportunities for wine tasting and cultural tours.","Santorini Wine Tour: Dive deeper into the local wine culture with a dedicated wine tour,
exploring the best vineyards and tasting exquisite local wines."
"My trip to Bodrum was a four-day break from work. It was rejuvenating, and I've told my relatives about it. The marina area and sunset views were stunning. More flexible flight schedules would be appreciated. I'll book again soon, maybe for Kusadasi.",positive,"The review describes the trip as rejuvenating and mentions stunning views, indicating a positive experience. The reviewer also plans to book again soon, which further suggests satisfaction. The only minor critique is about flight schedules, but it does not overshadow the overall positive sentiment.",positive,4,"Dear Valued Customer,

Thank you so much for your wonderful review of your recent trip to Bodrum! 
We're thrilled to hear that you found the experience rejuvenating and enjoyed the 
stunning marina area and sunset views. We truly appreciate you sharing your 
experience with your relatives.

As a token of our appreciation, we would like to offer you a special voucher for 
a sunset cruise on your next trip. We hope this adds an extra touch of magic to 
your travels.

Based on your interests, we have some exciting recommendations for your next 
adventure:

1. **Kusadasi**: Explore the beautiful beaches and vibrant nightlife. Don't miss 
the chance to visit the ancient city of Ephesus nearby.

2. **Antalya**: Known for its stunning coastline and rich history, Antalya offers 
a perfect blend of relaxation and exploration.

3. **Fethiye**: Enjoy the breathtaking views of the Blue Lagoon and take a boat 
trip to explore the hidden coves and islands.

We look forward to helping you plan your next unforgettable journey!

Warm regards,

[Your Travel Company Name]",Kusadasi: Explore the beautiful beaches and vibrant nightlife. Don't miss the chance to visit the ancient city of Ephesus nearby.,"Antalya: Known for its stunning coastline and rich history, Antalya offers a perfect blend of relaxation and exploration.",Fethiye: Enjoy the breathtaking views of the Blue Lagoon and take a boat trip to explore the hidden coves and islands.
